container,method,rate,rs_r_m,rs_s_m,rs_r_neg_m,rs_s_neg_m,rs_gap_m,rs_gap_neg_m,rs_gap_ratio,rs_r_gap,rs_g_gap,rs_b_gap,lsb_one_ratio,lsb_entropy,chi_square_normalized,spatial_agreement,r_chi_square_normalized,g_chi_square_normalized,b_chi_square_normalized,r_lsb_one_ratio,g_lsb_one_ratio,b_lsb_one_ratio
smooth_light,sequential,15,0.6080249717377261,0.3919750282622739,0.6420560930434432,0.3579234041908914,0.21604994347545217,0.28413268885255166,0.760383975346003,0.21764285065406977,0.21099427688953487,0.21951270288275193,0.5074563827317506,0.9998395731644967,557.6650048604904,0.5065943975259305,274.5765651117898,299.7830592392965,786.5008568499453,0.4985287688499273,0.5131483447644137,0.5106920345809108
smooth_light,random,15,0.6077108062822997,0.39228919371770027,0.6410848928052326,0.3588952352834302,0.2154216125645995,0.28218965752180236,0.7633930118362177,0.21786238796027133,0.21026564014050386,0.21813680959302326,0.5076267922571464,0.9998321562356467,548.6414807369264,0.5048740024759684,281.8210249257527,270.5927685272659,717.273210524674,0.4999850960664971,0.5127778755601986,0.5101174051447432
smooth_light,adaptive,15,0.6103900446140181,0.3896099553859819,0.6403903221899224,0.3595989532864987,0.22078008922803616,0.28079136890342377,0.7862780472571147,0.22542696220930233,0.20558722444282945,0.23132608103197674,0.5080334567284399,0.9998137792211002,668.7055498210268,0.5062895708514779,334.3242455983572,317.90363519527114,832.2777582883771,0.4997172984041909,0.5140927336936774,0.5102903380874515
smooth_light,sequential,35,0.5799122103116926,0.4200877896883075,0.6649087910812338,0.3350694444444445,0.159824420623385,0.32983934663678943,0.484552319949201,0.1601978863856589,0.15710354590600775,0.16217182957848839,0.5066191601814841,0.9998735778992905,282.48219703109135,0.505249927097481,175.79894755470443,173.4234385356455,447.4544021546368,0.4991175925084787,0.5106612804324128,0.510078607603561
smooth_light,random,35,0.5801680217417636,0.4198319782582365,0.6631515463501292,0.3368304743015181,0.16033604348352712,0.3263210720486111,0.4913444371733442,0.16194472202034885,0.15764860404554262,0.1614148043846899,0.5058724652273094,0.9999004925888582,317.0150069718989,0.502625183901556,164.03755430134228,159.31623329172942,411.75106568694406,0.5001081126604894,0.5097826580668605,0.5077266249545785
smooth_light,adaptive,35,0.5851908839026163,0.41480911609738375,0.662353831052164,0.33763449814276486,0.17038176780523254,0.3247193329093992,0.5247047235489708,0.17593265503875968,0.1500045421511628,0.1852081062257752,0.5063139844002341,0.9998849668302914,540.5528250445382,0.5050882353582363,258.9881160595758,243.28605112397622,618.7323466621745,0.5001251457273498,0.5111126567042151,0.5077041507691376
smooth_light,sequential,60,0.5472935718467378,0.45270642815326223,0.6918191441577842,0.3081616147852067,0.09458714369347547,0.3836575293725775,0.24654056404981953,0.09527162063953488,0.09238167696220931,0.09610813347868218,0.5035214288598191,0.9999642195364018,91.55715701259847,0.5028745422244433,82.48281429599136,94.34641300998257,166.00787872839683,0.500221193298813,0.5055989110192587,0.5047441822613856
smooth_light,random,60,0.5479789950742894,0.45202100492571057,0.6899133332323967,0.3100702645550711,0.09595799014857881,0.3798430686773256,0.252625355209771,0.0960911004118217,0.09554036458333333,0.0962425054505814,0.5036527254168686,0.9999615016203554,120.79244911573993,0.5009538052626598,64.73448985601397,63.21836973046123,156.21153097152592,0.49997421382933627,0.5060396416242733,0.5049443207969961
smooth_light,adaptive,60,0.5529198461724806,0.44708015382751937,0.6907744493903424,0.3092126180959302,0.10583969234496123,0.3815618312944122,0.27738542921316356,0.11279864643895349,0.0823245972625969,0.12239583333333333,0.5040445648114502,0.9999527988185543,371.27422479482453,0.5035496878157034,173.18978964745986,157.9889335772888,404.9776319792099,0.49994984708091084,0.5070486142653827,0.5051352330880572
smooth_light,sequential,85,0.5167731548772609,0.48322684512273906,0.7178153893128231,0.28217672500807495,0.03354630975452196,0.43563866430474807,0.0770048953484415,0.03463768774224806,0.03402449733527132,0.03197674418604651,0.5007606526061854,0.9999983305346203,26.333567757195755,0.5008390427517669,23.71133855950582,28.62065658434404,59.48460426744979,0.5000643471414729,0.5019081766291182,0.5003094340479651
smooth_light,random,85,0.5177295300387598,0.48227046996124034,0.71656819030604,0.28342045431605295,0.03545906007751937,0.43314773598998707,0.08186366251338105,0.03586785368217054,0.03561425024224806,0.03489507630813953,0.5012376573350694,0.9999955801674267,17.010306607738514,0.5003499159116489,9.378113821934404,9.290600535349098,21.377432231516355,0.4999936125999273,0.5024295777313469,0.5012897816739341
smooth_light,adaptive,85,0.5213976325298773,0.47860236747012275,0.7164931186409884,0.28349552598110467,0.04279526505975453,0.4329975926598837,0.09883487988204563,0.04529281734496124,0.03235714934593023,0.050735828488372096,0.5016434543816618,0.99999220671383,161.442503587553,0.501557312222683,69.88707557673513,65.60577956085109,175.40313949568468,0.5001268017199613,0.5029966369155765,0.5018069245094476
smooth_dark,sequential,15,0.6519687071019057,0.34803129289809437,0.6587813029917635,0.2600873607073643,0.3039374142038114,0.3986939422843992,0.7623326616460216,0.31345195918120156,0.29826603379360467,0.3000942496366279,0.4710552205719073,0.9975812674492341,1489.0894500124405,0.5294477851489017,596.7571033682881,537.6892759882817,517.3077324875046,0.4728996809138808,0.47092006003209785,0.46934592076974324
smooth_dark,random,15,0.6439527565810724,0.35604724341892763,0.6581406704215116,0.2572087724079457,0.2879055131621447,0.4009318980135659,0.7180908143966215,0.29673305777616277,0.28241392623546513,0.2845695554748062,0.46635504039991116,0.9967313172535184,1944.1393264767044,0.5274956187485154,724.7157461183654,677.4193672505968,674.6808844061161,0.4678623879602713,0.4663975442102713,0.4648051890291909
smooth_dark,adaptive,15,0.6494856644662468,0.3505143355337532,0.6546451065891473,0.2530236847948966,0.2989713289324935,0.40162142179425064,0.7444108125429015,0.31145530523255816,0.2883206153100775,0.29713806625484496,0.46078538525012114,0.9955583273831847,2673.2174181983314,0.5379370963467142,985.3383015817001,916.4429898560295,921.6808087671376,0.4624449264171512,0.4609521673631298,0.45895906197008235
smooth_dark,sequential,35,0.6171272534116602,0.38287274658833975,0.6912141548570737,0.2395013222706718,0.2342545068233204,0.4517128325864019,0.5185916580718639,0.24124121850775193,0.2296871214874031,0.2318351804748062,0.48156501710876937,0.9990191819467006,655.7647756538207,0.5200245869373531,288.7647137612788,243.44850342173476,228.68673882341835,0.48269937204760177,0.4815318972565407,0.4804637820221657
smooth_dark,random,35,0.6027327347787468,0.3972672652212532,0.6907744493903424,0.23450842569040697,0.20546546955749354,0.4562660236999354,0.4503194603256684,0.21184403766957363,0.2020008175872093,0.20255155341569767,0.4743739086220123,0.9981043438378093,1134.7059686518428,0.5159556232887484,424.4819467311343,397.7711448045911,391.3012563129768,0.4752327379330184,0.4743330608042636,0.4735559271287548
smooth_dark,adaptive,35,0.6036212930999677,0.39637870690003235,0.6867117475169574,0.22068735364179584,0.2072425861999354,0.46602439387516154,0.4447033007792538,0.21868943798449614,0.19466524345930233,0.20837307715600775,0.46139423853359174,0.9956953176066099,2623.3516707004956,0.5373185431670987,936.142346614281,886.5065165984375,903.5594148717455,0.46314328215843026,0.4613945539607558,0.45964487948158916
smooth_dark,sequential,60,0.5723135699289406,0.42768643007105944,0.7244018239260335,0.21056876564518734,0.14462713985788114,0.5138330582808462,0.2814671760158182,0.1502505753391473,0.14117762839147288,0.14245321584302326,0.48504362673106427,0.9993544618555807,427.37091216925774,0.5148647392183322,187.2049526496543,144.42691135672084,142.18512080443207,0.4854142536488614,0.4853579499000727,0.48435867664425875
smooth_dark,random,60,0.5576332742853682,0.44236672571463176,0.7288171733688631,0.2076450712613049,0.11526654857073643,0.5211721021075583,0.22116791766982952,0.11816027737403101,0.11380359738372094,0.11383577095445736,0.4842655467740633,0.9992855373200442,429.33651264413646,0.5060122879873414,157.22288742308098,152.50200557809782,150.19081369645005,0.4853655201520107,0.4839179460392442,0.4835131741309351
smooth_dark,adaptive,60,0.5543011017239987,0.4456988982760013,0.7212052850452196,0.18688712502018734,0.10860220344799743,0.5343181600250323,0.203253813126826,0.11965729469476744,0.09855521741763566,0.10759409823158915,0.4621197998677729,0.9958557564480106,2499.6473860437804,0.5332480202253466,874.4479254311462,837.2139701630084,836.7523871584314,0.46252725290697677,0.4624484749727471,0.46138367172359496
smooth_dark,sequential,85,0.5263933679546189,0.4736066320453811,0.761390705749354,0.18114067294492894,0.05278673590923772,0.580250032804425,0.09097239625151327,0.055930913880813955,0.051559093386627904,0.05087020046027132,0.4906609113826308,0.9997483257503057,216.296737609787,0.5076417508826255,97.01500795868918,64.93835820453492,71.75561684083544,0.49153054407400676,0.4909130954003149,0.48953909467357076
smooth_dark,random,85,0.5193930929021318,0.48060690709786824,0.7652480645389211,0.18104541394137597,0.038786185804263566,0.5842026505975452,0.06639166351708872,0.03992550872093023,0.03895462390988372,0.037478424781976744,0.49427547011264533,0.9999054430016778,62.06319895937508,0.5007359014483058,24.133500414014804,22.272181438214307,21.68239094289267,0.4946196800054506,0.4943478606468023,0.49385886968568316
smooth_dark,adaptive,85,0.5179698855377907,0.4820301144622093,0.7490452019743218,0.16640643925629844,0.03593977107558139,0.5826387627180233,0.0616844833802707,0.037516276041666664,0.03519977894864341,0.03510325823643411,0.47063877785852715,0.9975111274180058,1747.3498419836615,0.5198001613472689,579.7019812934727,593.8524001789923,590.3944281766333,0.47051481498304265,0.4711949548055959,0.4702065637869428
texture_nature,sequential,15,0.5516884185239018,0.4483115814760981,0.569144788638566,0.4173255940124354,0.10337683704780361,0.15181919462613047,0.6809207314159393,0.10048184653585271,0.1025409550629845,0.10710770954457365,0.49305886754077843,0.9998609794029754,351.60657493817524,0.5039794830281433,11.046149793874807,5.108822370037686,377.9000208483776,0.49961486343265504,0.49850676780523256,0.4810549713844477
texture_nature,random,15,0.55464964874031,0.4453503512596899,0.5661100638929263,0.42128262778585274,0.10929929748062013,0.14482743610707363,0.7546864076210885,0.10836058624031007,0.10830570191375968,0.11123160428779069,0.4938576079770268,0.9998911344376396,254.16398481155645,0.5029862486389188,9.061345171140289,4.200436312040207,272.9199877200701,0.4994388550750969,0.4983813855075097,0.4837525833484738
texture_nature,adaptive,15,0.5636301755289083,0.4363698244710917,0.5586221384447674,0.4285185269299096,0.12726035105781652,0.1301036115148579,0.9781461834615047,0.12502838844476744,0.1253860828488372,0.13136658187984496,0.49342996759932173,0.9998754476128418,249.29666592455158,0.5035696467437308,5.732104079408451,5.188397771292426,265.3402344587171,0.4989978878997093,0.49815356823825097,0.4831384466600048
texture_nature,sequential,35,0.536327115633075,0.46367288436692505,0.5835509780765504,0.4030651319242571,0.07265423126614988,0.18048584615229327,0.40254808238450185,0.06881169755329457,0.07169217841569768,0.07745881782945736,0.49338099753209785,0.9998735839238697,339.0074351214853,0.503635470401209,11.407903671657166,4.957732788683051,361.2526138052276,0.4995959378028101,0.49844833492308627,0.48209871987039726
texture_nature,random,35,0.5412685975855943,0.45873140241440574,0.5783432755975452,0.41020577206476094,0.08253719517118863,0.16813750353278423,0.4908910471309284,0.08306837451550388,0.08273149830426356,0.08181171269379844,0.4952334224099645,0.9999344421885805,147.65279426637952,0.5015800655781969,5.614353264350642,2.7427891433852363,158.6822279272895,0.4996401764625727,0.4987341119337452,0.4873259788335756
texture_nature,adaptive,35,0.5572096556040051,0.44279034439599485,0.5654028761910529,0.42288815205103364,0.11441931120801034,0.1425147241400194,0.8028595774819339,0.11405909338662791,0.11253747274709303,0.11666136749031007,0.49469380538901003,0.9999187582938838,127.37690616675174,0.502726004531871,5.620780800226857,4.664779613305557,128.81332436832938,0.4985271128573159,0.4981062541636386,0.4874480491460756
texture_nature,sequential,60,0.5246553642805232,0.47534463571947666,0.5955791621245156,0.3932193884245801,0.04931072856104651,0.2023597736999354,0.24367851208494534,0.04808813287306202,0.04900791848352713,0.05083613432655039,0.49584188140948,0.999950111174082,121.8963478392856,0.5022811564685848,5.087571445862682,2.1880411077876243,129.3964748913806,0.49951195532037307,0.4990752464117006,0.48893844249636625
texture_nature,random,60,0.5245011203972868,0.47549887960271314,0.5938645000605621,0.3960617026001292,0.04900224079457365,0.19780279746043283,0.24773279965555461,0.048826232437015504,0.051350911458333336,0.046829578488372096,0.49702015958091084,0.9999743791744781,58.87640552659937,0.5006336820655001,2.7794344959434794,1.782977597714592,62.57240541388292,0.49966383349987886,0.4993946164153343,0.49200202882751937
texture_nature,adaptive,60,0.5428873697916666,0.4571126302083333,0.5797671138162145,0.4098102264010013,0.08577473958333333,0.16995688741521317,0.5046852815901561,0.08651662427325581,0.08496661518895349,0.08584097928779069,0.4964173782703488,0.9999629651864774,46.97221139314701,0.5017261179462694,5.985484123311097,4.828266271596232,40.178143437654825,0.49842562416727226,0.49848500333091084,0.49234150731286336
texture_nature,sequential,85,0.5146203644823967,0.4853796355176034,0.6058251826954134,0.38582924539728686,0.02924072896479328,0.2199959372981266,0.1329148589010888,0.028138626453488372,0.02850956879844961,0.03107399164244186,0.49928571518693476,0.9999985278654173,1.6060232810065727,0.5004424587584193,0.9207364272996823,1.2202283767619624,1.7844633303081667,0.4996569729590601,0.49963047707727715,0.49856969552446706
texture_nature,random,85,0.5088748586886305,0.49112514131136953,0.6097762233527132,0.3814388147004199,0.01774971737726098,0.22833740865229327,0.07773460109766694,0.019035398498062017,0.017517562984496124,0.016696190649224806,0.49873624106710274,0.9999953917771414,9.194216647689894,0.5001801215526965,1.3178834921609577,1.1320479728407178,9.525530048975197,0.4997028676114341,0.4995339563650678,0.4969718992248062
texture_nature,adaptive,85,0.5195766715116279,0.4804233284883721,0.6013991087290051,0.3888687015503876,0.039153343023255814,0.21253040717861757,0.18422466480455219,0.04034565770348837,0.038008342417635656,0.03910602894864341,0.49757862337491926,0.999983082704966,21.133187737749466,0.5011209476940895,6.46371976993114,5.2108545600453455,13.708974910827823,0.4984426572341327,0.49833194229953975,0.49596127059108525
photo_mixed,sequential,15,0.5685590403948644,0.4314409596051357,0.5976433174862726,0.39654462158833975,0.13711808078972867,0.20109869589793283,0.6818447040517986,0.13175644985465115,0.13437007933624032,0.14522771317829458,0.49617631306019866,0.9999578135070455,108.44602043780651,0.5025361006263168,38.09197762215389,61.67224415714035,70.60902049019819,0.49745473935622575,0.49391162487887597,0.4971625749454942
photo_mixed,random,15,0.572612910307655,0.427387089692345,0.5941070635497415,0.4004051346495478,0.14522582061531006,0.1937019289001938,0.7497386393614006,0.1409069918846899,0.14239833151647288,0.15237213844476744,0.4974716147095042,0.9999815543953682,87.17841172105429,0.5020793692205617,30.256596517113394,51.25464124370619,74.72424943404191,0.4976215214692345,0.49647817685622575,0.4983151458030523
photo_mixed,adaptive,15,0.5831825591489018,0.4168174408510981,0.5862854161619832,0.4082993302850452,0.16636511829780362,0.17798608587693798,0.9347085615042444,0.16163812681686046,0.16368966509205427,0.17376756298449614,0.4971877302618298,0.9999771797303584,110.21808738606053,0.5027071902144179,36.905223885656596,61.89886233705853,96.02733895898731,0.49681576277858525,0.49645475638929265,0.4982926716176114
photo_mixed,sequential,35,0.5549089298691859,0.44509107013081395,0.6096377508276809,0.38464733981346894,0.10981785973837209,0.22499041101421188,0.4881001783290901,0.10531545239825581,0.10772089995155039,0.11641722686531007,0.49606039357739823,0.9999552168434211,73.15026098473746,0.5022160487409877,30.026046645086602,50.647285258813696,36.13624080099783,0.4978100680565649,0.49346072174781974,0.4969103909278101
photo_mixed,random,35,0.5543332752947351,0.44566672470526486,0.609344718992248,0.3855929904513889,0.10866655058947028,0.22375172854085915,0.4856568094383537,0.10473065043604651,0.10641503149224807,0.11485396984011628,0.49831065096596416,0.9999917653691202,51.37347716161219,0.5011564251224371,17.594378049210228,29.832060574758124,43.312166530712325,0.4981315671935562,0.49768468575884206,0.4991156999454942
photo_mixed,adaptive,35,0.5738465459463825,0.4261534540536176,0.5952974856669896,0.3997181342861757,0.14769309189276483,0.19557935138081395,0.7551568754576272,0.1427768441133721,0.14610964752906977,0.1541927840358527,0.49767553837108364,0.9999844098296048,103.91157644107332,0.5023242410411618,37.556567507286374,53.65864558968403,89.67912879586751,0.49680984851925875,0.49702181557352226,0.49919495102046996
photo_mixed,sequential,60,0.5415162079093991,0.4584837920906008,0.6222658773417312,0.37222771065487725,0.08303241581879844,0.250038166686854,0.3320789658595907,0.0779338511385659,0.08245896923449612,0.08870442708333333,0.4959406101118379,0.999952452155151,66.6204589429122,0.5020559005930935,23.582176019406354,47.29514703844371,31.561633272478936,0.4972004262051841,0.49356126415637114,0.4970601399739583
photo_mixed,random,60,0.5325981356992894,0.46740186430071057,0.6283637152777778,0.36706858395914077,0.06519627139857881,0.2612951313186369,0.24951200226947617,0.06174297480620155,0.06478053839631782,0.06906530099321706,0.4988076064629764,0.9999958975417208,20.551545975516603,0.5003151626447341,7.2181686601481285,12.763013243942162,17.16289080593922,0.49880460990491765,0.49843887210816373,0.49917933737584785
photo_mixed,adaptive,60,0.5512783632105943,0.44872163678940574,0.6157772251493863,0.37963930272932817,0.10255672642118863,0.23613792242005813,0.43430858275594453,0.10171769016472869,0.09701277858527131,0.1089397105135659,0.49876336780321384,0.9999955874862018,70.7588985040639,0.5016809282518725,28.17469494297844,39.1973253168279,67.18225536621746,0.497272580168968,0.49838919232982076,0.5006283309108527
photo_mixed,sequential,85,0.5156477107558141,0.48435228924418605,0.6447419553456073,0.3513199365108204,0.031295421511627904,0.2934220188347868,0.10665669071430184,0.028643940770348836,0.032063802083333336,0.03317852168120155,0.4982866785014939,0.9999915300057931,25.811163191188392,0.5004458223808315,9.400427261288185,9.639995562940381,15.283717831649998,0.4980948987857316,0.49789570653161336,0.49886943018713664
photo_mixed,random,85,0.5122410973837209,0.48775890261627913,0.6467007580345607,0.3490737796753876,0.02448219476744186,0.2976269783591731,0.08225798246655248,0.024149103682170544,0.0235851199127907,0.02571236070736434,0.4998109014151324,0.9999998968234262,3.7761488795429763,0.5001364221892688,1.9651710120573431,2.8459886654315563,3.1862960178154482,0.49973196576732076,0.4996349719143653,0.5000657665637113
photo_mixed,adaptive,85,0.5215739563145995,0.4784260436854005,0.641128421753876,0.3543445675872093,0.04314791262919896,0.2867838541666667,0.15045446946299568,0.04626559471899225,0.036244473716085274,0.04693366945251938,0.5000322524275275,0.9999999969985622,33.839196178308335,0.5012359622123723,13.69323648747327,24.31042329662411,26.97550706840166,0.49938373417817344,0.4992917083030523,0.5014213148013565
graphics,sequential,15,0.6525632873062016,0.34743671269379844,0.7131130011506782,0.28366301780523256,0.3051265746124031,0.42944998334544576,0.7105054987671567,0.2883717145106589,0.3480234072189923,0.27898460210755816,0.5021511344022529,0.9999866481647144,4113.216103533198,0.5127321002969785,1581.7163896472216,3914.828069868167,1140.413342885481,0.5031229654947916,0.49854296307231105,0.504787474639656
graphics,random,15,0.6466875100936692,0.35331248990633074,0.7135293650072674,0.2833056388283269,0.2933750201873385,0.43022372617894056,0.6819126941067789,0.2734375,0.34324847080910853,0.263439089752907,0.5031494613765746,0.9999713793178874,4596.229329718439,0.5097450020489724,1702.084477441904,4552.009941501465,1231.1314324729626,0.5051025863765746,0.49712235798207366,0.5072234397710755
graphics,adaptive,15,0.6649624136991279,0.3350375863008721,0.7071807624757751,0.29091595001614984,0.32992482739825585,0.4162648124596253,0.7925839934651122,0.3080638323643411,0.3803181019864341,0.3013925478439923,0.5014213148013565,0.9999941711124509,5751.17158922584,0.5123424180991835,2190.1608870445543,5652.580448283658,1407.8191538532933,0.5041652945585029,0.4943831096323886,0.5057155402131783
graphics,sequential,35,0.6151744438388244,0.38482555616117575,0.7354764716569768,0.26168720728359174,0.23034888767764858,0.47378926437338503,0.48618427009379145,0.21374606346899225,0.2705948703972868,0.20670572916666666,0.49871439773598997,0.9999952310994008,2531.0119449554777,0.5088159268090108,821.4223944964191,2479.2788827381855,608.7641639978875,0.4956210823946221,0.5035864068556202,0.49693570395772774
graphics,random,35,0.6058583025476421,0.3941416974523579,0.7372974326752262,0.2598362806847545,0.21171660509528425,0.4774611519904716,0.4434216359020332,0.1980945675872093,0.24787275920542637,0.18918248849321706,0.5025018894087129,0.9999819389679141,2684.8413424006676,0.505822188751694,989.3195731337978,2666.4285892587973,726.9168716650089,0.5039968564528827,0.49778735730075097,0.5057214544725048
graphics,adaptive,35,0.6290504002139858,0.37094959978601416,0.7322729933785529,0.2658035317748708,0.2581008004279716,0.4664694616036822,0.5533069614903473,0.24264739280523256,0.29400587451550386,0.2376491339631783,0.5015112903999112,0.9999934097628478,3766.7205656649876,0.5109635960521559,1356.3354571103262,3725.7325609899563,845.215765318585,0.5040668812833091,0.4947493205698886,0.5057176693465358
graphics,sequential,60,0.5675055136668282,0.43249448633317183,0.7631088375121124,0.23434188014777133,0.13501102733365633,0.5287669573643411,0.25533181575230024,0.11719128512596899,0.1755787457606589,0.11226305111434108,0.4962301722484658,0.9999589935981151,1533.7712456785198,0.5040707546711399,335.27956270158734,1611.2495031873873,296.9988433054605,0.49073897960574125,0.5078245650890262,0.4901269720506298
graphics,random,60,0.5600794119428295,0.43992058805717055,0.765552767179425,0.23192003038194442,0.1201588238856589,0.5336327367974807,0.22517138773527018,0.11363326671511628,0.14002316497093023,0.10682003997093023,0.5015062435652858,0.999993453704572,1016.4800988051684,0.5023119135880979,378.0237202588363,1006.3949183602404,269.919201704857,0.5024163297904555,0.4985599961391715,0.5035424047662306
graphics,adaptive,60,0.5811647715802649,0.41883522841973514,0.7639914027172158,0.23404253976905687,0.16232954316052972,0.5299488629481589,0.3063117113931977,0.15240431201550386,0.18194722020348839,0.1526370972625969,0.5016526806262113,0.9999921189660655,1620.8057386006626,0.509166621413509,516.7564946077706,1715.0381685036448,312.24485990232546,0.504371820494186,0.49483353962269866,0.505752681761749
graphics,sequential,85,0.524776172884367,0.47522382711563305,0.7911367490310077,0.206748942688146,0.04955234576873385,0.5843878063428618,0.08479359978237014,0.03925175629844961,0.07195713723352713,0.037448143774224806,0.49648574710816373,0.9999643652158808,421.6435765960047,0.5011225352248958,71.45982740533115,440.14111860155066,69.54441109963528,0.4922329215116279,0.5055759636930717,0.4916483561197917
graphics,random,85,0.5204986651122415,0.47950133488775837,0.7929006177325583,0.20494501473675708,0.04099733022448321,0.587955602995801,0.06972861558864335,0.038118111070736434,0.04900034823158915,0.035873531371124034,0.5004319775012113,0.9999994615729818,142.22498796127746,0.5003455869185368,53.99162200681006,140.10129959542022,37.227870295256174,0.5008232648982558,0.4994838034459787,0.5009888641593992
graphics,adaptive,85,0.5301791247779393,0.46982087522206073,0.7947089616642442,0.20331520257994184,0.06035824955587855,0.5913937590843023,0.10206101878608863,0.06226153706395349,0.06044467659883721,0.058368535004844964,0.5010635415404958,0.9999967362733542,255.32784742963264,0.507001942941689,83.45656816972006,265.4900245336533,50.04865924735738,0.5033051246820495,0.49570553801780526,0.5041799619216327
