container,method,rate,mean_r_m,mean_s_m,mean_r_neg_m,mean_s_neg_m,gap_m,gap_neg_m,gap_ratio,r_difference,s_difference,r_gap_m,g_gap_m,b_gap_m,r_gap_neg_m,g_gap_neg_m,b_gap_neg_m
smooth_light,sequential,15,0.6080249717377261,0.3919750282622739,0.6420560930434432,0.3579234041908914,0.21604994347545217,0.28413268885255166,0.760383975346003,-0.03403112130571717,0.03405162407138246,0.21764285065406977,0.21099427688953487,0.21951270288275193,0.2915133690649225,0.2744538063226744,0.28643089117005816
smooth_light,random,15,0.6077108062822997,0.39228919371770027,0.6410848928052326,0.3588952352834302,0.2154216125645995,0.28218965752180236,0.7633930118362177,-0.033374086522932944,0.033393958434270066,0.21786238796027133,0.21026564014050386,0.21813680959302326,0.2892252604166667,0.27317064861918605,0.28417306352955424
smooth_light,adaptive,15,0.6103900446140181,0.3896099553859819,0.6403903221899224,0.3595989532864987,0.22078008922803616,0.28079136890342377,0.7862780472571147,-0.03000027757590429,0.03001100209948321,0.22542696220930233,0.20558722444282945,0.23132608103197674,0.28651511022286824,0.27888051114341084,0.2769784853439923
smooth_light,sequential,35,0.5799122103116926,0.4200877896883075,0.6649087910812338,0.3350694444444445,0.159824420623385,0.32983934663678943,0.484552319949201,-0.0849965807695412,0.08501834524386304,0.1601978863856589,0.15710354590600775,0.16217182957848839,0.3362346323885659,0.3197825823643411,0.33350082515746127
smooth_light,random,35,0.5801680217417636,0.4198319782582365,0.6631515463501292,0.3368304743015181,0.16033604348352712,0.3263210720486111,0.4913444371733442,-0.08298352460836556,0.0830015039567184,0.16194472202034885,0.15764860404554262,0.1614148043846899,0.33318192829457366,0.3164592417635659,0.3293220460876938
smooth_light,adaptive,35,0.5851908839026163,0.41480911609738375,0.662353831052164,0.33763449814276486,0.17038176780523254,0.3247193329093992,0.5247047235489708,-0.07716294714954774,0.07717461795461888,0.17593265503875968,0.1500045421511628,0.1852081062257752,0.3295065709786822,0.3274720657703488,0.3171793619791667
smooth_light,sequential,60,0.5472935718467378,0.45270642815326223,0.6918191441577842,0.3081616147852067,0.09458714369347547,0.3836575293725775,0.24654056404981953,-0.14452557231104646,0.14454481336805552,0.09527162063953488,0.09238167696220931,0.09610813347868218,0.38963329699612403,0.37395152010658916,0.38738777101501937
smooth_light,random,60,0.5479789950742894,0.45202100492571057,0.6899133332323967,0.3100702645550711,0.09595799014857881,0.3798430686773256,0.252625355209771,-0.1419343381581073,0.14195074037063948,0.0960911004118217,0.09554036458333333,0.0962425054505814,0.3871180807897287,0.3688434926114341,0.38356763263081395
smooth_light,adaptive,60,0.5529198461724806,0.44708015382751937,0.6907744493903424,0.3092126180959302,0.10583969234496123,0.3815618312944122,0.27738542921316356,-0.1378546032178618,0.13786753573158916,0.11279864643895349,0.0823245972625969,0.12239583333333333,0.3845763687015504,0.3872600230135659,0.3728491021681202
smooth_light,sequential,85,0.5167731548772609,0.48322684512273906,0.7178153893128231,0.28217672500807495,0.03354630975452196,0.43563866430474807,0.0770048953484415,-0.20104223443556213,0.2010501201146641,0.03463768774224806,0.03402449733527132,0.03197674418604651,0.44202133296996127,0.42389814983042634,0.4409965101138566
smooth_light,random,85,0.5177295300387598,0.48227046996124034,0.71656819030604,0.28342045431605295,0.03545906007751937,0.43314773598998707,0.08186366251338105,-0.19883866026728025,0.1988500156451874,0.03586785368217054,0.03561425024224806,0.03489507630813953,0.4395363977713178,0.42259228137112403,0.43731452882751937
smooth_light,adaptive,85,0.5213976325298773,0.47860236747012275,0.7164931186409884,0.28349552598110467,0.04279526505975453,0.4329975926598837,0.09883487988204563,-0.19509548611111116,0.19510684148901808,0.04529281734496124,0.03235714934593023,0.050735828488372096,0.43869799236918605,0.42805043301841084,0.43224435259205424
smooth_dark,sequential,15,0.6519687071019057,0.34803129289809437,0.6587813029917635,0.2600873607073643,0.3039374142038114,0.3986939422843992,0.7623326616460216,-0.006812595889857831,0.08794393219073005,0.31345195918120156,0.29826603379360467,0.3000942496366279,0.4087746790213178,0.3941224563953488,0.393184691436531
smooth_dark,random,15,0.6439527565810724,0.35604724341892763,0.6581406704215116,0.2572087724079457,0.2879055131621447,0.4009318980135659,0.7180908143966215,-0.01418791384043916,0.09883847101098192,0.29673305777616277,0.28241392623546513,0.2845695554748062,0.4110088496245155,0.3961967054263566,0.3955901389898256
smooth_dark,adaptive,15,0.6494856644662468,0.3505143355337532,0.6546451065891473,0.2530236847948966,0.2989713289324935,0.40162142179425064,0.7444108125429015,-0.005159442122900537,0.0974906507388566,0.31145530523255816,0.2883206153100775,0.29713806625484496,0.4107997214147287,0.399177492126938,0.39488705184108525
smooth_dark,sequential,35,0.6171272534116602,0.38287274658833975,0.6912141548570737,0.2395013222706718,0.2342545068233204,0.4517128325864019,0.5185916580718639,-0.07408690144541352,0.14337142431766794,0.24124121850775193,0.2296871214874031,0.2318351804748062,0.4618648558624031,0.4468161412911822,0.4464575006056202
smooth_dark,random,35,0.6027327347787468,0.3972672652212532,0.6907744493903424,0.23450842569040697,0.20546546955749354,0.4562660236999354,0.4503194603256684,-0.0880417146115956,0.16275883953084624,0.21184403766957363,0.2020008175872093,0.20255155341569767,0.46704385446947677,0.45139141230620156,0.4503628043241279
smooth_dark,adaptive,35,0.6036212930999677,0.39637870690003235,0.6867117475169574,0.22068735364179584,0.2072425861999354,0.46602439387516154,0.4447033007792538,-0.0830904544169897,0.1756913532582365,0.21868943798449614,0.19466524345930233,0.20837307715600775,0.4741617838541667,0.4656991884689923,0.4582122093023256
smooth_dark,sequential,60,0.5723135699289406,0.42768643007105944,0.7244018239260335,0.21056876564518734,0.14462713985788114,0.5138330582808462,0.2814671760158182,-0.15208825399709291,0.2171176644258721,0.1502505753391473,0.14117762839147288,0.14245321584302326,0.524177492126938,0.5088089344113372,0.5085127483042635
smooth_dark,random,60,0.5576332742853682,0.44236672571463176,0.7288171733688631,0.2076450712613049,0.11526654857073643,0.5211721021075583,0.22116791766982952,-0.17118389908349485,0.23472165445332685,0.11816027737403101,0.11380359738372094,0.11383577095445736,0.5313815331274225,0.5157716736312985,0.5163630995639535
smooth_dark,adaptive,60,0.5543011017239987,0.4456988982760013,0.7212052850452196,0.18688712502018734,0.10860220344799743,0.5343181600250323,0.203253813126826,-0.16690418332122092,0.25881177325581395,0.11965729469476744,0.09855521741763566,0.10759409823158915,0.5406162942102714,0.5333772407945736,0.5289609450702519
smooth_dark,sequential,85,0.5263933679546189,0.4736066320453811,0.761390705749354,0.18114067294492894,0.05278673590923772,0.580250032804425,0.09097239625151327,-0.23499733779473508,0.29246595910045214,0.055930913880813955,0.051559093386627904,0.05087020046027132,0.590469242066376,0.5752520893895349,0.5750287669573644
smooth_dark,random,85,0.5193930929021318,0.48060690709786824,0.7652480645389211,0.18104541394137597,0.038786185804263566,0.5842026505975452,0.06639166351708872,-0.24585497163678938,0.2995614931564923,0.03992550872093023,0.03895462390988372,0.037478424781976744,0.5942089465237403,0.5789123062015504,0.579486699067345
smooth_dark,adaptive,85,0.5179698855377907,0.4820301144622093,0.7490452019743218,0.16640643925629844,0.03593977107558139,0.5826387627180233,0.0616844833802707,-0.23107531643653112,0.31562367520591084,0.037516276041666664,0.03519977894864341,0.03510325823643411,0.5917656477107558,0.5775174872819767,0.5786331531613372
texture_nature,sequential,15,0.5516884185239018,0.4483115814760981,0.569144788638566,0.4173255940124354,0.10337683704780361,0.15181919462613047,0.6809207314159393,-0.017456370114664166,0.030985987463662712,0.10048184653585271,0.1025409550629845,0.10710770954457365,0.15087890625,0.15239201035610464,0.15218666727228683
texture_nature,random,15,0.55464964874031,0.4453503512596899,0.5661100638929263,0.42128262778585274,0.10929929748062013,0.14482743610707363,0.7546864076210885,-0.01146041515261631,0.024067723473837177,0.10836058624031007,0.10830570191375968,0.11123160428779069,0.14282983587693798,0.1459525648013566,0.14569990764292637
texture_nature,adaptive,15,0.5636301755289083,0.4363698244710917,0.5586221384447674,0.4285185269299096,0.12726035105781652,0.1301036115148579,0.9781461834615047,0.005008037084140882,0.007851297541182078,0.12502838844476744,0.1253860828488372,0.13136658187984496,0.12893936985222867,0.13173468538032945,0.1296367793120155
texture_nature,sequential,35,0.536327115633075,0.46367288436692505,0.5835509780765504,0.4030651319242571,0.07265423126614988,0.18048584615229327,0.40254808238450185,-0.04722386244347543,0.06060775244266797,0.06881169755329457,0.07169217841569768,0.07745881782945736,0.1799552976623062,0.1818904433139535,0.17961179748062014
texture_nature,random,35,0.5412685975855943,0.45873140241440574,0.5783432755975452,0.41020577206476094,0.08253719517118863,0.16813750353278423,0.4908910471309284,-0.03707467801195086,0.0485256303496448,0.08306837451550388,0.08273149830426356,0.08181171269379844,0.16546772801598839,0.16850529160610464,0.17043949097625968
texture_nature,adaptive,35,0.5572096556040051,0.44279034439599485,0.5654028761910529,0.42288815205103364,0.11441931120801034,0.1425147241400194,0.8028595774819339,-0.008193220587047745,0.01990219234496121,0.11405909338662791,0.11253747274709303,0.11666136749031007,0.13979511113129844,0.14398429929748063,0.14376476199127908
texture_nature,sequential,60,0.5246553642805232,0.47534463571947666,0.5955791621245156,0.3932193884245801,0.04931072856104651,0.2023597736999354,0.24367851208494534,-0.07092379784399239,0.08212524729489656,0.04808813287306202,0.04900791848352713,0.05083613432655039,0.20008175872093023,0.20234999545784885,0.20464756692102712
texture_nature,random,60,0.5245011203972868,0.47549887960271314,0.5938645000605621,0.3960617026001292,0.04900224079457365,0.19780279746043283,0.24773279965555461,-0.06936337966327533,0.07943717700258396,0.048826232437015504,0.051350911458333336,0.046829578488372096,0.1951885371245155,0.19708488523498063,0.20113497002180233
texture_nature,adaptive,60,0.5428873697916666,0.4571126302083333,0.5797671138162145,0.4098102264010013,0.08577473958333333,0.16995688741521317,0.5046852815901561,-0.036879744024547856,0.04730240380733203,0.08651662427325581,0.08496661518895349,0.08584097928779069,0.16642063347868216,0.17047734223594962,0.17297268653100775
texture_nature,sequential,85,0.5146203644823967,0.4853796355176034,0.6058251826954134,0.38582924539728686,0.02924072896479328,0.2199959372981266,0.1329148589010888,-0.09120481821301674,0.09955039012031652,0.028138626453488372,0.02850956879844961,0.03107399164244186,0.21714605287063954,0.21955812439437986,0.22328363462936046
texture_nature,random,85,0.5088748586886305,0.49112514131136953,0.6097762233527132,0.3814388147004199,0.01774971737726098,0.22833740865229327,0.07773460109766694,-0.10090136466408273,0.10968632661094962,0.019035398498062017,0.017517562984496124,0.016696190649224806,0.2245913956516473,0.22825918271560078,0.2321616475896318
texture_nature,adaptive,85,0.5195766715116279,0.4804233284883721,0.6013991087290051,0.3888687015503876,0.039153343023255814,0.21253040717861757,0.18422466480455219,-0.08182243721737725,0.0915546269379845,0.04034565770348837,0.038008342417635656,0.03910602894864341,0.20828318041424418,0.2129067117853682,0.21640132933624032
photo_mixed,sequential,15,0.5685590403948644,0.4314409596051357,0.5976433174862726,0.39654462158833975,0.13711808078972867,0.20109869589793283,0.6818447040517986,-0.02908427709140826,0.034896338016795925,0.13175644985465115,0.13437007933624032,0.14522771317829458,0.205081910125969,0.19906734496124032,0.19914683260658914
photo_mixed,random,15,0.572612910307655,0.427387089692345,0.5941070635497415,0.4004051346495478,0.14522582061531006,0.1937019289001938,0.7497386393614006,-0.021494153242086478,0.026981955042797212,0.1409069918846899,0.14239833151647288,0.15237213844476744,0.19696943889292637,0.19149709302325582,0.19263925478439922
photo_mixed,adaptive,15,0.5831825591489018,0.4168174408510981,0.5862854161619832,0.4082993302850452,0.16636511829780362,0.17798608587693798,0.9347085615042444,-0.0031028570130813282,0.008518110566052894,0.16163812681686046,0.16368966509205427,0.17376756298449614,0.18206077398255813,0.17575475411821706,0.17614272953003876
photo_mixed,sequential,35,0.5549089298691859,0.44509107013081395,0.6096377508276809,0.38464733981346894,0.10981785973837209,0.22499041101421188,0.4881001783290901,-0.05472882095849496,0.06044373031734501,0.10531545239825581,0.10772089995155039,0.11641722686531007,0.22835664970930233,0.22259474170300386,0.22401984163032945
photo_mixed,random,35,0.5543332752947351,0.44566672470526486,0.609344718992248,0.3855929904513889,0.10866655058947028,0.22375172854085915,0.4856568094383537,-0.055011443697512874,0.060073734253875966,0.10473065043604651,0.10641503149224807,0.11485396984011628,0.22677635961724807,0.22196073310319767,0.2225180929021318
photo_mixed,adaptive,35,0.5738465459463825,0.4261534540536176,0.5952974856669896,0.3997181342861757,0.14769309189276483,0.19557935138081395,0.7551568754576272,-0.021450939720607076,0.0264353197674419,0.1427768441133721,0.14610964752906977,0.1541927840358527,0.1997486676356589,0.19248595718265504,0.1945034293241279
photo_mixed,sequential,60,0.5415162079093991,0.4584837920906008,0.6222658773417312,0.37222771065487725,0.08303241581879844,0.250038166686854,0.3320789658595907,-0.08074966943233208,0.08625608143572355,0.0779338511385659,0.08245896923449612,0.08870442708333333,0.25426772953003873,0.2462356922238372,0.24961107830668605
photo_mixed,random,60,0.5325981356992894,0.46740186430071057,0.6283637152777778,0.36706858395914077,0.06519627139857881,0.2612951313186369,0.24951200226947617,-0.09576557957848841,0.1003332803415698,0.06174297480620155,0.06478053839631782,0.06906530099321706,0.26353182533914726,0.25879757903343026,0.2615559895833333
photo_mixed,adaptive,60,0.5512783632105943,0.44872163678940574,0.6157772251493863,0.37963930272932817,0.10255672642118863,0.23613792242005813,0.43430858275594453,-0.06449886193879195,0.06908233406007758,0.10171769016472869,0.09701277858527131,0.1089397105135659,0.23708136506782945,0.23607736040455427,0.2352550417877907
photo_mixed,sequential,85,0.5156477107558141,0.48435228924418605,0.6447419553456073,0.3513199365108204,0.031295421511627904,0.2934220188347868,0.10665669071430184,-0.12909424458979324,0.13303235273336567,0.028643940770348836,0.032063802083333336,0.03317852168120155,0.29461244095203487,0.2901261203972868,0.29552749515503873
photo_mixed,random,85,0.5122410973837209,0.48775890261627913,0.6467007580345607,0.3490737796753876,0.02448219476744186,0.2976269783591731,0.08225798246655248,-0.1344596606508398,0.13868512294089153,0.024149103682170544,0.0235851199127907,0.02571236070736434,0.2967254875242248,0.29578961512839147,0.3003658324249031
photo_mixed,adaptive,85,0.5215739563145995,0.4784260436854005,0.641128421753876,0.3543445675872093,0.04314791262919896,0.2867838541666667,0.15045446946299568,-0.1195544654392765,0.1240814760981912,0.04626559471899225,0.036244473716085274,0.04693366945251938,0.2847995018774225,0.2879581894985465,0.287593871124031
graphics,sequential,15,0.6525632873062016,0.34743671269379844,0.7131130011506782,0.28366301780523256,0.3051265746124031,0.42944998334544576,0.7105054987671567,-0.060549713844476605,0.06377369488856588,0.2883717145106589,0.3480234072189923,0.27898460210755816,0.44251813075339147,0.3986418968023256,0.4471899224806202
graphics,random,15,0.6466875100936692,0.35331248990633074,0.7135293650072674,0.2833056388283269,0.2933750201873385,0.43022372617894056,0.6819126941067789,-0.06684185491359818,0.07000685107800386,0.2734375,0.34324847080910853,0.263439089752907,0.44574495064195735,0.395027101501938,0.44989912639292634
graphics,adaptive,15,0.6649624136991279,0.3350375863008721,0.7071807624757751,0.29091595001614984,0.32992482739825585,0.4162648124596253,0.7925839934651122,-0.04221834877664721,0.044121636284722265,0.3080638323643411,0.3803181019864341,0.3013925478439923,0.4315166621245155,0.38223242944525193,0.43504534580910853
graphics,sequential,35,0.6151744438388244,0.38482555616117575,0.7354764716569768,0.26168720728359174,0.23034888767764858,0.47378926437338503,0.48618427009379145,-0.12030202781815247,0.12313834887758401,0.21374606346899225,0.2705948703972868,0.20670572916666666,0.4868533112281977,0.44562004148498063,0.48889444040697677
graphics,random,35,0.6058583025476421,0.3941416974523579,0.7372974326752262,0.2598362806847545,0.21171660509528425,0.4774611519904716,0.4434216359020332,-0.13143913012758413,0.13430541676760338,0.1980945675872093,0.24787275920542637,0.18918248849321706,0.48972338299418605,0.44996725866036824,0.49269281431686046
graphics,adaptive,35,0.6290504002139858,0.37094959978601416,0.7322729933785529,0.2658035317748708,0.2581008004279716,0.4664694616036822,0.5533069614903473,-0.10322259316456706,0.10514606801114335,0.24264739280523256,0.29400587451550386,0.2376491339631783,0.47755325672238375,0.4423023785731589,0.47955274951550386
graphics,sequential,60,0.5675055136668282,0.43249448633317183,0.7631088375121124,0.23434188014777133,0.13501102733365633,0.5287669573643411,0.25533181575230024,-0.19560332384528423,0.1981526061854005,0.11719128512596899,0.1755787457606589,0.11226305111434108,0.5423214934593024,0.5006936243338178,0.5432857542999031
graphics,random,60,0.5600794119428295,0.43992058805717055,0.765552767179425,0.23192003038194442,0.1201588238856589,0.5336327367974807,0.22517138773527018,-0.2054733552365955,0.20800055767522613,0.11363326671511628,0.14002316497093023,0.10682003997093023,0.5431835558987403,0.5146541151889535,0.5430605393047481
graphics,adaptive,60,0.5811647715802649,0.41883522841973514,0.7639914027172158,0.23404253976905687,0.16232954316052972,0.5299488629481589,0.3063117113931977,-0.18282663113695086,0.18479268865067827,0.15240431201550386,0.18194722020348839,0.1526370972625969,0.5388789213905039,0.5127218083817829,0.5382458590721899
graphics,sequential,85,0.524776172884367,0.47522382711563305,0.7911367490310077,0.206748942688146,0.04955234576873385,0.5843878063428618,0.08479359978237014,-0.26636057614664077,0.268474884427487,0.03925175629844961,0.07195713723352713,0.037448143774224806,0.5940925539001938,0.5666361964026163,0.5924346687257752
graphics,random,85,0.5204986651122415,0.47950133488775837,0.7929006177325583,0.20494501473675708,0.04099733022448321,0.587955602995801,0.06972861558864335,-0.27240195262031675,0.2745563201510013,0.038118111070736434,0.04900034823158915,0.035873531371124034,0.5943821160368217,0.5773679748062015,0.5921167181443798
graphics,adaptive,85,0.5301791247779393,0.46982087522206073,0.7947089616642442,0.20331520257994184,0.06035824955587855,0.5913937590843023,0.10206101878608863,-0.26452983688630494,0.2665056726421189,0.06226153706395349,0.06044467659883721,0.058368535004844964,0.5955195463905039,0.5850612433381783,0.5936004875242248
